"Time","Type","Ability","Source → Target",""
"00:00:00.223","Cast","Arcane Barrage","Blinkladen → Training Dummy 1",""
"00:00:04.287","Cast","Arcane Blast 1.61 sec","Blinkladen → Training Dummy 1",""
"00:00:05.064","Cast","Arcane Missiles","Blinkladen → Training Dummy 1",""
"00:00:07.536","Cast","Arcane Barrage","Blinkladen → Training Dummy 1",""
"00:00:11.517","Cast","Arcane Blast 1.56 sec","Blinkladen → Training Dummy 1",""
"00:00:12.327","Cast","Arcane Barrage","Blinkladen → Training Dummy 1",""
"00:00:14.788","Cast","Arcane Barrage","Blinkladen → Training Dummy 1",""
"00:00:18.849","Cast","Arcane Blast 1.65 sec","Blinkladen → Training Dummy 1",""
"00:00:19.682","Cast","Arcane Barrage","Blinkladen → Training Dummy 1",""
"00:00:22.108","Cast","Arcane Barrage","Blinkladen → Training Dummy 1",""
"00:00:26.134","Cast","Arcane Blast 1.63 sec","Blinkladen → Training Dummy 1",""
"00:00:26.960","Cast","Arcane Barrage","Blinkladen → Training Dummy 1",""
"00:00:29.383","Cast","Arcane Barrage","Blinkladen → Training Dummy 1",""
"00:00:33.328","Cast","Arcane Blast 1.52 sec","Blinkladen → Training Dummy 1",""
"00:00:34.231","Cast","Arcane Missiles","Blinkladen → Training Dummy 1",""
"00:00:36.655","Cast","Arcane Barrage","Blinkladen → Training Dummy 1",""
"00:00:40.696","Cast","Arcane Blast 1.64 sec","Blinkladen → Training Dummy 1",""
"00:00:41.515","Cast","Arcane Barrage","Blinkladen → Training Dummy 1",""
"00:00:43.931","Cast","Arcane Barrage","Blinkladen → Training Dummy 1",""
"00:00:47.878","Cast","Arcane Blast 1.61 sec","Blinkladen → Training Dummy 1",""
"00:00:48.800","Cast","Arcane Barrage","Blinkladen → Training Dummy 1",""
"00:00:51.148","Cast","Arcane Barrage","Blinkladen → Training Dummy 1",""
"00:00:55.251","Cast","Arcane Blast 1.60 sec","Blinkladen → Training Dummy 1",""
"00:00:56.050","Cast","Arcane Missiles","Blinkladen → Training Dummy 1",""
"00:00:58.501","Cast","Arcane Barrage","Blinkladen → Training Dummy 1",""
"00:01:02.461","Cast","Arcane Blast 1.54 sec","Blinkladen → Training Dummy 1",""
"00:01:03.376","Cast","Arcane Barrage","Blinkladen → Training Dummy 1",""
"00:01:05.760","Cast","Arcane Barrage","Blinkladen → Training Dummy 1",""
"00:01:09.744","Cast","Arcane Blast 1.57 sec","Blinkladen → Training Dummy 1",""
"00:01:10.647","Cast","Arcane Barrage","Blinkladen → Training Dummy 1",""
"00:01:13.077","Cast","Arcane Barrage","Blinkladen → Training Dummy 1",""
"00:01:17.098","Cast","Arcane Blast 1.68 sec","Blinkladen → Training Dummy 1",""
"00:01:17.856","Cast","Arcane Missiles","Blinkladen → Training Dummy 1",""
"00:01:20.278","Cast","Arcane Barrage","Blinkladen → Training Dummy 1",""
"00:01:24.322","Cast","Arcane Blast 1.56 sec","Blinkladen → Training Dummy 1",""
"00:01:25.216","Cast","Arcane Barrage","Blinkladen → Training Dummy 1",""
"00:01:27.566","Cast","Arcane Barrage","Blinkladen → Training Dummy 1",""
"00:01:31.606","Cast","Arcane Blast 1.61 sec","Blinkladen → Training Dummy 1",""
"00:01:32.418","Cast","Arcane Barrage","Blinkladen → Training Dummy 1",""
"00:01:34.832","Cast","Arcane Barrage","Blinkladen → Training Dummy 1",""
"00:01:38.821","Cast","Arcane Blast 1.49 sec","Blinkladen → Training Dummy 1",""
"00:01:39.702","Cast","Arcane Missiles","Blinkladen → Training Dummy 1",""
"00:01:42.091","Cast","Arcane Barrage","Blinkladen → Training Dummy 1",""
"00:01:46.049","Cast","Arcane Blast 1.50 sec","Blinkladen → Training Dummy 1",""
"00:01:46.973","Cast","Arcane Barrage","Blinkladen → Training Dummy 1",""
"00:01:49.409","Cast","Arcane Barrage","Blinkladen → Training Dummy 1",""
"00:01:53.453","Cast","Arcane Blast 1.62 sec","Blinkladen → Training Dummy 1",""
"00:01:54.252","Cast","Arcane Missiles","Blinkladen → Training Dummy 1",""
"00:01:56.680","Cast","Arcane Barrage","Blinkladen → Training Dummy 1",""
"00:02:00.647","Cast","Arcane Blast 1.52 sec","Blinkladen → Training Dummy 1",""
"00:02:01.544","Cast","Arcane Missiles","Blinkladen → Training Dummy 1",""
"00:02:04.030","Cast","Arcane Barrage","Blinkladen → Training Dummy 1",""
"00:02:07.959","Cast","Arcane Blast 1.58 sec","Blinkladen → Training Dummy 1",""
"00:02:08.878","Cast","Arcane Barrage","Blinkladen → Training Dummy 1",""
"00:02:11.271","Cast","Arcane Barrage","Blinkladen → Training Dummy 1",""
"00:02:15.295","Cast","Arcane Blast 1.57 sec","Blinkladen → Training Dummy 1",""
"00:02:16.188","Cast","Arcane Barrage","Blinkladen → Training Dummy 1",""
"00:02:18.590","Cast","Arcane Barrage","Blinkladen → Training Dummy 1",""
"00:02:22.584","Cast","Arcane Blast 1.61 sec","Blinkladen → Training Dummy 1",""
"00:02:23.386","Cast","Arcane Missiles","Blinkladen → Training Dummy 1",""
"00:02:25.805","Cast","Arcane Barrage","Blinkladen → Training Dummy 1",""
"00:02:29.792","Cast","Arcane Blast 1.56 sec","Blinkladen → Training Dummy 1",""
"00:02:30.674","Cast","Arcane Barrage","Blinkladen → Training Dummy 1",""
"00:02:33.166","Cast","Arcane Barrage","Blinkladen → Training Dummy 1",""
"00:02:37.049","Cast","Arcane Blast 1.48 sec","Blinkladen → Training Dummy 1",""
"00:02:37.937","Cast","Arcane Barrage","Blinkladen → Training Dummy 1",""
"00:02:40.389","Cast","Arcane Barrage","Blinkladen → Training Dummy 1",""
"00:02:44.369","Cast","Arcane Blast 1.49 sec","Blinkladen → Training Dummy 1",""
"00:02:45.203","Cast","Arcane Missiles","Blinkladen → Training Dummy 1",""
"00:02:47.688","Cast","Arcane Barrage","Blinkladen → Training Dummy 1",""
"00:02:51.729","Cast","Arcane Blast 1.57 sec","Blinkladen → Training Dummy 1",""
"00:02:52.577","Cast","Arcane Barrage","Blinkladen → Training Dummy 1",""
"00:02:54.954","Cast","Arcane Barrage","Blinkladen → Training Dummy 1",""
"00:02:58.917","Cast","Arcane Blast 1.53 sec","Blinkladen → Training Dummy 1",""
"00:02:59.820","Cast","Arcane Missiles","Blinkladen → Training Dummy 1",""
"00:03:02.250","Cast","Arcane Barrage","Blinkladen → Training Dummy 1",""
"00:03:06.154","Cast","Arcane Blast 1.48 sec","Blinkladen → Training Dummy 1",""
"00:03:07.049","Cast","Arcane Missiles","Blinkladen → Training Dummy 1",""
"00:03:09.516","Cast","Arcane Barrage","Blinkladen → Training Dummy 1",""
"00:03:13.472","Cast","Arcane Blast 1.48 sec","Blinkladen → Training Dummy 1",""
"00:03:14.341","Cast","Arcane Missiles","Blinkladen → Training Dummy 1",""
"00:03:16.792","Cast","Arcane Barrage","Blinkladen → Training Dummy 1",""
"00:03:20.849","Cast","Arcane Blast 1.61 sec","Blinkladen → Training Dummy 1",""
"00:03:21.660","Cast","Arcane Barrage","Blinkladen → Training Dummy 1",""
"00:03:24.048","Cast","Arcane Barrage","Blinkladen → Training Dummy 1",""
"00:03:28.119","Cast","Arcane Blast 1.62 sec","Blinkladen → Training Dummy 1",""
"00:03:28.924","Cast","Arcane Barrage","Blinkladen → Training Dummy 1",""
"00:03:31.339","Cast","Arcane Barrage","Blinkladen → Training Dummy 1",""
"00:03:35.389","Cast","Arcane Blast 1.56 sec","Blinkladen → Training Dummy 1",""
"00:03:36.181","Cast","Arcane Barrage","Blinkladen → Training Dummy 1",""
"00:03:38.638","Cast","Arcane Barrage","Blinkladen → Training Dummy 1",""
"00:03:42.661","Cast","Arcane Blast 1.63 sec","Blinkladen → Training Dummy 1",""
"00:03:43.472","Cast","Arcane Missiles","Blinkladen → Training Dummy 1",""
"00:03:45.909","Cast","Arcane Barrage","Blinkladen → Training Dummy 1",""
"00:03:49.938","Cast","Arcane Blast 1.55 sec","Blinkladen → Training Dummy 1",""
"00:03:50.751","Cast","Arcane Missiles","Blinkladen → Training Dummy 1",""
"00:03:53.246","Cast","Arcane Barrage","Blinkladen → Training Dummy 1",""
"00:03:57.260","Cast","Arcane Blast 1.63 sec","Blinkladen → Training Dummy 1",""
"00:03:58.063","Cast","Arcane Missiles","Blinkladen → Training Dummy 1",""
"00:04:00.465","Cast","Arcane Barrage","Blinkladen → Training Dummy 1",""
"00:04:04.528","Cast","Arcane Blast 1.62 sec","Blinkladen → Training Dummy 1",""
"00:04:05.395","Cast","Arcane Barrage","Blinkladen → Training Dummy 1",""
"00:04:07.812","Cast","Arcane Barrage","Blinkladen → Training Dummy 1",""
"00:04:11.806","Cast","Arcane Blast 1.56 sec","Blinkladen → Training Dummy 1",""
"00:04:12.687","Cast","Arcane Barrage","Blinkladen → Training Dummy 1",""
"00:04:15.048","Cast","Arcane Barrage","Blinkladen → Training Dummy 1",""
"00:04:19.014","Cast","Arcane Blast 1.49 sec","Blinkladen → Training Dummy 1",""
"00:04:19.889","Cast","Arcane Missiles","Blinkladen → Training Dummy 1",""
"00:04:22.333","Cast","Arcane Barrage","Blinkladen → Training Dummy 1",""
"00:04:26.292","Cast","Arcane Blast 1.54 sec","Blinkladen → Training Dummy 1",""
"00:04:27.146","Cast","Arcane Barrage","Blinkladen → Training Dummy 1",""
"00:04:29.627","Cast","Arcane Barrage","Blinkladen → Training Dummy 1",""
"00:04:33.694","Cast","Arcane Blast 1.64 sec","Blinkladen → Training Dummy 1",""
"00:04:34.472","Cast","Arcane Barrage","Blinkladen → Training Dummy 1",""
"00:04:36.902","Cast","Arcane Barrage","Blinkladen → Training Dummy 1",""
"00:04:40.861","Cast","Arcane Blast 1.51 sec","Blinkladen → Training Dummy 1",""
"00:04:41.798","Cast","Arcane Missiles","Blinkladen → Training Dummy 1",""
"00:04:44.221","Cast","Arcane Barrage","Blinkladen → Training Dummy 1",""
"00:04:48.139","Cast","Arcane Blast 1.50 sec","Blinkladen → Training Dummy 1",""
"00:04:49.048","Cast","Arcane Barrage","Blinkladen → Training Dummy 1",""
"00:04:51.488","Cast","Arcane Barrage","Blinkladen → Training Dummy 1",""
"00:04:55.535","Cast","Arcane Blast 1.60 sec","Blinkladen → Training Dummy 1",""
"00:04:56.361","Cast","Arcane Barrage","Blinkladen → Training Dummy 1",""
"00:04:58.791","Cast","Arcane Barrage","Blinkladen → Training Dummy 1",""
"00:05:02.819","Cast","Arcane Blast 1.60 sec","Blinkladen → Training Dummy 1",""
"00:05:03.632","Cast","Arcane Missiles","Blinkladen → Training Dummy 1",""
"00:05:06.048","Cast","Arcane Barrage","Blinkladen → Training Dummy 1",""
"00:05:10.056","Cast","Arcane Blast 1.60 sec","Blinkladen → Training Dummy 1",""
"00:05:10.930","Cast","Arcane Barrage","Blinkladen → Training Dummy 1",""
"00:05:13.335","Cast","Arcane Barrage","Blinkladen → Training Dummy 1",""
"00:05:17.382","Cast","Arcane Blast 1.61 sec","Blinkladen → Training Dummy 1",""
"00:05:18.127","Cast","Arcane Missiles","Blinkladen → Training Dummy 1",""
"00:05:20.630","Cast","Arcane Barrage","Blinkladen → Training Dummy 1",""
"00:05:24.659","Cast","Arcane Blast 1.61 sec","Blinkladen → Training Dummy 1",""
"00:05:25.423","Cast","Arcane Missiles","Blinkladen → Training Dummy 1",""
"00:05:27.890","Cast","Arcane Barrage","Blinkladen → Training Dummy 1",""
"00:05:31.856","Cast","Arcane Blast 1.53 sec","Blinkladen → Training Dummy 1",""
"00:05:32.784","Cast","Arcane Barrage","Blinkladen → Training Dummy 1",""
"00:05:35.186","Cast","Arcane Barrage","Blinkladen → Training Dummy 1",""
"00:05:39.216","Cast","Arcane Blast 1.61 sec","Blinkladen → Training Dummy 1",""
"00:05:40.035","Cast","Arcane Missiles","Blinkladen → Training Dummy 1",""
"00:05:42.422","Cast","Arcane Barrage","Blinkladen → Training Dummy 1",""
"00:05:46.507","Cast","Arcane Blast 1.61 sec","Blinkladen → Training Dummy 1",""
"00:05:47.283","Cast","Arcane Barrage","Blinkladen → Training Dummy 1",""
"00:05:49.731","Cast","Arcane Barrage","Blinkladen → Training Dummy 1",""
"00:05:53.792","Cast","Arcane Blast 1.61 sec","Blinkladen → Training Dummy 1",""
"00:05:54.597","Cast","Arcane Missiles","Blinkladen → Training Dummy 1",""
"00:05:57.026","Cast","Arcane Barrage","Blinkladen → Training Dummy 1",""
"00:06:01.054","Cast","Arcane Blast 1.61 sec","Blinkladen → Training Dummy 1",""
"00:06:01.832","Cast","Arcane Missiles","Blinkladen → Training Dummy 1",""
"00:06:04.293","Cast","Arcane Barrage","Blinkladen → Training Dummy 1",""
"00:06:08.286","Cast","Arcane Blast 1.54 sec","Blinkladen → Training Dummy 1",""
"00:06:09.181","Cast","Arcane Barrage","Blinkladen → Training Dummy 1",""
"00:06:11.596","Cast","Arcane Barrage","Blinkladen → Training Dummy 1",""
"00:06:15.624","Cast","Arcane Blast 1.64 sec","Blinkladen → Training Dummy 1",""
"00:06:16.437","Cast","Arcane Missiles","Blinkladen → Training Dummy 1",""
"00:06:18.876","Cast","Arcane Barrage","Blinkladen → Training Dummy 1",""
"00:06:22.869","Cast","Arcane Blast 1.56 sec","Blinkladen → Training Dummy 1",""
"00:06:23.742","Cast","Arcane Barrage","Blinkladen → Training Dummy 1",""
"00:06:26.152","Cast","Arcane Barrage","Blinkladen → Training Dummy 1",""
"00:06:30.075","Cast","Arcane Blast 1.49 sec","Blinkladen → Training Dummy 1",""
"00:06:31.026","Cast","Arcane Barrage","Blinkladen → Training Dummy 1",""
"00:06:33.436","Cast","Arcane Barrage","Blinkladen → Training Dummy 1",""
"00:06:37.307","Cast","Arcane Blast 1.45 sec","Blinkladen → Training Dummy 1",""
"00:06:38.207","Cast","Arcane Missiles","Blinkladen → Training Dummy 1",""
"00:06:40.727","Cast","Arcane Barrage","Blinkladen → Training Dummy 1",""
"00:06:44.708","Cast","Arcane Blast 1.56 sec","Blinkladen → Training Dummy 1",""
"00:06:45.526","Cast","Arcane Barrage","Blinkladen → Training Dummy 1",""
"00:06:48.011","Cast","Arcane Barrage","Blinkladen → Training Dummy 1",""
"00:06:52.043","Cast","Arcane Blast 1.61 sec","Blinkladen → Training Dummy 1",""
"00:06:52.812","Cast","Arcane Barrage","Blinkladen → Training Dummy 1",""
"00:06:55.289","Cast","Arcane Barrage","Blinkladen → Training Dummy 1",""
"00:06:59.207","Cast","Arcane Blast 1.50 sec","Blinkladen → Training Dummy 1",""
"00:07:00.150","Cast","Arcane Barrage","Blinkladen → Training Dummy 1",""
"00:07:02.575","Cast","Arcane Barrage","Blinkladen → Training Dummy 1",""
"00:07:06.478","Cast","Arcane Blast 1.56 sec","Blinkladen → Training Dummy 1",""
"00:07:07.416","Cast","Arcane Missiles","Blinkladen → Training Dummy 1",""
"00:07:09.852","Cast","Arcane Barrage","Blinkladen → Training Dummy 1",""
"00:07:13.874","Cast","Arcane Blast 1.60 sec","Blinkladen → Training Dummy 1",""
"00:07:14.604","Cast","Arcane Missiles","Blinkladen → Training Dummy 1",""
"00:07:17.112","Cast","Arcane Barrage","Blinkladen → Training Dummy 1",""
"00:07:21.158","Cast","Arcane Blast 1.70 sec","Blinkladen → Training Dummy 1",""
"00:07:21.888","Cast","Arcane Barrage","Blinkladen → Training Dummy 1",""
"00:07:24.379","Cast","Arcane Barrage","Blinkladen → Training Dummy 1",""
"00:07:28.367","Cast","Arcane Blast 1.53 sec","Blinkladen → Training Dummy 1",""
"00:07:29.235","Cast","Arcane Barrage","Blinkladen → Training Dummy 1",""
"00:07:31.623","Cast","Arcane Barrage","Blinkladen → Training Dummy 1",""
"00:07:35.645","Cast","Arcane Blast 1.59 sec","Blinkladen → Training Dummy 1",""
"00:07:36.540","Cast","Arcane Missiles","Blinkladen → Training Dummy 1",""
"00:07:38.977","Cast","Arcane Barrage","Blinkladen → Training Dummy 1",""
"00:07:42.998","Cast","Arcane Blast 1.62 sec","Blinkladen → Training Dummy 1",""
"00:07:43.736","Cast","Arcane Missiles","Blinkladen → Training Dummy 1",""
"00:07:46.203","Cast","Arcane Barrage","Blinkladen → Training Dummy 1",""
"00:07:50.238","Cast","Arcane Blast 1.64 sec","Blinkladen → Training Dummy 1",""
"00:07:51.110","Cast","Arcane Barrage","Blinkladen → Training Dummy 1",""
"00:07:53.491","Cast","Arcane Barrage","Blinkladen → Training Dummy 1",""
"00:07:57.485","Cast","Arcane Blast 1.53 sec","Blinkladen → Training Dummy 1",""
"00:07:58.381","Cast","Arcane Missiles","Blinkladen → Training Dummy 1",""
"00:08:00.818","Cast","Arcane Barrage","Blinkladen → Training Dummy 1",""
"00:08:04.748","Cast","Arcane Blast 1.51 sec","Blinkladen → Training Dummy 1",""
"00:08:05.624","Cast","Arcane Missiles","Blinkladen → Training Dummy 1",""
"00:08:08.084","Cast","Arcane Barrage","Blinkladen → Training Dummy 1",""
"00:08:12.057","Cast","Arcane Blast 1.56 sec","Blinkladen → Training Dummy 1",""
"00:08:12.905","Cast","Arcane Barrage","Blinkladen → Training Dummy 1",""
"00:08:15.394","Cast","Arcane Barrage","Blinkladen → Training Dummy 1",""
"00:08:19.408","Cast","Arcane Blast 1.69 sec","Blinkladen → Training Dummy 1",""
"00:08:20.138","Cast","Arcane Missiles","Blinkladen → Training Dummy 1",""
"00:08:22.617","Cast","Arcane Barrage","Blinkladen → Training Dummy 1",""
"00:08:26.666","Cast","Arcane Blast 1.61 sec","Blinkladen → Training Dummy 1",""
"00:08:27.463","Cast","Arcane Barrage","Blinkladen → Training Dummy 1",""
"00:08:29.924","Cast","Arcane Barrage","Blinkladen → Training Dummy 1",""
"00:08:33.971","Cast","Arcane Blast 1.60 sec","Blinkladen → Training Dummy 1",""
"00:08:34.715","Cast","Arcane Missiles","Blinkladen → Training Dummy 1",""
"00:08:37.228","Cast","Arcane Barrage","Blinkladen → Training Dummy 1",""
"00:08:41.172","Cast","Arcane Blast 1.51 sec","Blinkladen → Training Dummy 1",""
"00:08:42.054","Cast","Arcane Missiles","Blinkladen → Training Dummy 1",""
"00:08:44.486","Cast","Arcane Barrage","Blinkladen → Training Dummy 1",""
"00:08:48.487","Cast","Arcane Blast 1.56 sec","Blinkladen → Training Dummy 1",""
"00:08:49.310","Cast","Arcane Missiles","Blinkladen → Training Dummy 1",""
"00:08:51.705","Cast","Arcane Barrage","Blinkladen → Training Dummy 1",""
"00:08:55.818","Cast","Arcane Blast 1.61 sec","Blinkladen → Training Dummy 1",""
"00:08:56.603","Cast","Arcane Missiles","Blinkladen → Training Dummy 1",""
"00:08:59.046","Cast","Arcane Barrage","Blinkladen → Training Dummy 1",""
"00:09:02.937","Cast","Arcane Blast 1.44 sec","Blinkladen → Training Dummy 1",""
"00:09:03.839","Cast","Arcane Missiles","Blinkladen → Training Dummy 1",""
"00:09:06.344","Cast","Arcane Barrage","Blinkladen → Training Dummy 1",""
"00:09:10.220","Cast","Arcane Blast 1.50 sec","Blinkladen → Training Dummy 1",""
"00:09:11.199","Cast","Arcane Barrage","Blinkladen → Training Dummy 1",""
"00:09:13.567","Cast","Arcane Barrage","Blinkladen → Training Dummy 1",""
"00:09:17.659","Cast","Arcane Blast 1.61 sec","Blinkladen → Training Dummy 1",""
"00:09:18.491","Cast","Arcane Barrage","Blinkladen → Training Dummy 1",""
"00:09:20.907","Cast","Arcane Barrage","Blinkladen → Training Dummy 1",""
"00:09:24.935","Cast","Arcane Blast 1.68 sec","Blinkladen → Training Dummy 1",""
"00:09:25.783","Cast","Arcane Barrage","Blinkladen → Training Dummy 1",""
"00:09:28.185","Cast","Arcane Barrage","Blinkladen → Training Dummy 1",""
"00:09:32.228","Cast","Arcane Blast 1.61 sec","Blinkladen → Training Dummy 1",""
"00:09:33.053","Cast","Arcane Barrage","Blinkladen → Training Dummy 1",""
"00:09:35.476","Cast","Arcane Barrage","Blinkladen → Training Dummy 1",""
"00:09:39.477","Cast","Arcane Blast 1.57 sec","Blinkladen → Training Dummy 1",""
"00:09:40.324","Cast","Arcane Missiles","Blinkladen → Training Dummy 1",""
"00:09:42.768","Cast","Arcane Barrage","Blinkladen → Training Dummy 1",""
"00:09:46.707","Cast","Arcane Blast 1.53 sec","Blinkladen → Training Dummy 1",""
"00:09:47.561","Cast","Arcane Barrage","Blinkladen → Training Dummy 1",""
"00:09:50.028","Cast","Arcane Barrage","Blinkladen → Training Dummy 1",""
"00:09:54.039","Cast","Arcane Blast 1.58 sec","Blinkladen → Training Dummy 1",""
"00:09:54.816","Cast","Arcane Barrage","Blinkladen → Training Dummy 1",""
"00:09:57.310","Cast","Arcane Barrage","Blinkladen → Training Dummy 1",""
"00:10:01.345","Cast","Arcane Blast 1.65 sec","Blinkladen → Training Dummy 1",""
"00:10:02.157","Cast","Arcane Missiles","Blinkladen → Training Dummy 1",""
"00:10:04.587","Cast","Arcane Barrage","Blinkladen → Training Dummy 1",""
"00:10:08.581","Cast","Arcane Blast 1.56 sec","Blinkladen → Training Dummy 1",""
"00:10:09.401","Cast","Arcane Missiles","Blinkladen → Training Dummy 1",""
"00:10:11.812","Cast","Arcane Barrage","Blinkladen → Training Dummy 1",""
"00:10:15.806","Cast","Arcane Blast 1.52 sec","Blinkladen → Training Dummy 1",""
"00:10:16.726","Cast","Arcane Missiles","Blinkladen → Training Dummy 1",""
"00:10:19.163","Cast","Arcane Barrage","Blinkladen → Training Dummy 1",""
"00:10:23.178","Cast","Arcane Blast 1.60 sec","Blinkladen → Training Dummy 1",""
"00:10:23.977","Cast","Arcane Barrage","Blinkladen → Training Dummy 1",""
"00:10:26.448","Cast","Arcane Barrage","Blinkladen → Training Dummy 1",""
"00:10:30.386","Cast","Arcane Blast 1.56 sec","Blinkladen → Training Dummy 1",""
"00:10:31.282","Cast","Arcane Missiles","Blinkladen → Training Dummy 1",""
"00:10:33.727","Cast","Arcane Barrage","Blinkladen → Training Dummy 1",""
"00:10:37.748","Cast","Arcane Blast 1.59 sec","Blinkladen → Training Dummy 1",""
"00:10:38.503","Cast","Arcane Barrage","Blinkladen → Training Dummy 1",""
"00:10:40.992","Cast","Arcane Barrage","Blinkladen → Training Dummy 1",""
"00:10:45.033","Cast","Arcane Blast 1.61 sec","Blinkladen → Training Dummy 1",""
"00:10:45.845","Cast","Arcane Missiles","Blinkladen → Training Dummy 1",""
"00:10:48.288","Cast","Arcane Barrage","Blinkladen → Training Dummy 1",""
"00:10:52.255","Cast","Arcane Blast 1.53 sec","Blinkladen → Training Dummy 1",""
"00:10:53.052","Cast","Arcane Barrage","Blinkladen → Training Dummy 1",""
"00:10:55.556","Cast","Arcane Barrage","Blinkladen → Training Dummy 1",""
"00:10:59.581","Cast","Arcane Blast 1.65 sec","Blinkladen → Training Dummy 1",""
"00:11:00.407","Cast","Arcane Missiles","Blinkladen → Training Dummy 1",""
"00:11:02.823","Cast","Arcane Barrage","Blinkladen → Training Dummy 1",""
"00:11:06.727","Cast","Arcane Blast 1.48 sec","Blinkladen → Training Dummy 1",""
"00:11:07.642","Cast","Arcane Barrage","Blinkladen → Training Dummy 1",""
"00:11:10.077","Cast","Arcane Barrage","Blinkladen → Training Dummy 1",""
"00:11:13.962","Cast","Arcane Blast 1.42 sec","Blinkladen → Training Dummy 1",""
"00:11:14.955","Cast","Arcane Barrage","Blinkladen → Training Dummy 1",""
"00:11:17.407","Cast","Arcane Barrage","Blinkladen → Training Dummy 1",""
"00:11:21.275","Cast","Arcane Blast 1.44 sec","Blinkladen → Training Dummy 1",""
"00:11:22.186","Cast","Arcane Missiles","Blinkladen → Training Dummy 1",""
"00:11:24.698","Cast","Arcane Barrage","Blinkladen → Training Dummy 1",""
"00:11:28.719","Cast","Arcane Blast 1.64 sec","Blinkladen → Training Dummy 1",""
"00:11:29.524","Cast","Arcane Missiles","Blinkladen → Training Dummy 1",""
"00:11:31.971","Cast","Arcane Barrage","Blinkladen → Training Dummy 1",""
"00:11:36.004","Cast","Arcane Blast 1.60 sec","Blinkladen → Training Dummy 1",""
"00:11:36.760","Cast","Arcane Barrage","Blinkladen → Training Dummy 1",""
"00:11:39.260","Cast","Arcane Barrage","Blinkladen → Training Dummy 1",""
"00:11:43.275","Cast","Arcane Blast 1.60 sec","Blinkladen → Training Dummy 1",""
"00:11:44.094","Cast","Arcane Missiles","Blinkladen → Training Dummy 1",""
"00:11:46.538","Cast","Arcane Barrage","Blinkladen → Training Dummy 1",""
"00:11:50.526","Cast","Arcane Blast 1.56 sec","Blinkladen → Training Dummy 1",""
"00:11:51.330","Cast","Arcane Barrage","Blinkladen → Training Dummy 1",""
"00:11:53.798","Cast","Arcane Barrage","Blinkladen → Training Dummy 1",""
"00:11:57.846","Cast","Arcane Blast 1.61 sec","Blinkladen → Training Dummy 1",""
"00:11:58.643","Cast","Arcane Missiles","Blinkladen → Training Dummy 1",""
"00:12:01.086","Cast","Arcane Barrage","Blinkladen → Training Dummy 1",""
"00:12:05.129","Cast","Arcane Blast 1.60 sec","Blinkladen → Training Dummy 1",""
"00:12:05.900","Cast","Arcane Barrage","Blinkladen → Training Dummy 1",""
"00:12:08.359","Cast","Arcane Barrage","Blinkladen → Training Dummy 1",""
"00:12:12.413","Cast","Arcane Blast 1.65 sec","Blinkladen → Training Dummy 1",""
"00:12:13.219","Cast","Arcane Missiles","Blinkladen → Training Dummy 1",""
"00:12:15.649","Cast","Arcane Barrage","Blinkladen → Training Dummy 1",""
"00:12:19.692","Cast","Arcane Blast 1.61 sec","Blinkladen → Training Dummy 1",""
"00:12:20.524","Cast","Arcane Barrage","Blinkladen → Training Dummy 1",""
"00:12:22.867","Cast","Arcane Barrage","Blinkladen → Training Dummy 1",""
"00:12:26.761","Cast","Arcane Blast 1.40 sec","Blinkladen → Training Dummy 1",""
"00:12:27.753","Cast","Arcane Barrage","Blinkladen → Training Dummy 1",""
"00:12:30.226","Cast","Arcane Barrage","Blinkladen → Training Dummy 1",""
"00:12:34.129","Cast","Arcane Blast 1.48 sec","Blinkladen → Training Dummy 1",""
"00:12:35.081","Cast","Arcane Missiles","Blinkladen → Training Dummy 1",""
"00:12:37.503","Cast","Arcane Barrage","Blinkladen → Training Dummy 1",""
"00:12:41.532","Cast","Arcane Blast 1.65 sec","Blinkladen → Training Dummy 1",""
"00:12:42.268","Cast","Arcane Missiles","Blinkladen → Training Dummy 1",""
"00:12:44.769","Cast","Arcane Barrage","Blinkladen → Training Dummy 1",""
"00:12:48.751","Cast","Arcane Blast 1.62 sec","Blinkladen → Training Dummy 1",""
"00:12:49.572","Cast","Arcane Barrage","Blinkladen → Training Dummy 1",""
"00:12:51.982","Cast","Arcane Barrage","Blinkladen → Training Dummy 1",""
"00:12:56.087","Cast","Arcane Blast 1.68 sec","Blinkladen → Training Dummy 1",""
"00:12:56.824","Cast","Arcane Missiles","Blinkladen → Training Dummy 1",""
"00:12:59.266","Cast","Arcane Barrage","Blinkladen → Training Dummy 1",""
"00:13:03.261","Cast","Arcane Blast 1.49 sec","Blinkladen → Training Dummy 1",""
"00:13:04.155","Cast","Arcane Missiles","Blinkladen → Training Dummy 1",""
"00:13:06.547","Cast","Arcane Barrage","Blinkladen → Training Dummy 1",""
"00:13:10.539","Cast","Arcane Blast 1.49 sec","Blinkladen → Training Dummy 1",""
"00:13:11.495","Cast","Arcane Barrage","Blinkladen → Training Dummy 1",""
"00:13:13.822","Cast","Arcane Barrage","Blinkladen → Training Dummy 1",""
"00:13:17.885","Cast","Arcane Blast 1.63 sec","Blinkladen → Training Dummy 1",""
"00:13:18.774","Cast","Arcane Barrage","Blinkladen → Training Dummy 1",""
"00:13:21.095","Cast","Arcane Barrage","Blinkladen → Training Dummy 1",""
"00:13:25.135","Cast","Arcane Blast 1.51 sec","Blinkladen → Training Dummy 1",""
"00:13:25.962","Cast","Arcane Missiles","Blinkladen → Training Dummy 1",""
"00:13:28.476","Cast","Arcane Barrage","Blinkladen → Training Dummy 1",""
"00:13:32.503","Cast","Arcane Blast 1.64 sec","Blinkladen → Training Dummy 1",""
"00:13:33.330","Cast","Arcane Barrage","Blinkladen → Training Dummy 1",""
"00:13:35.746","Cast","Arcane Barrage","Blinkladen → Training Dummy 1",""
"00:13:39.671","Cast","Arcane Blast 1.50 sec","Blinkladen → Training Dummy 1",""
"00:13:40.614","Cast","Arcane Barrage","Blinkladen → Training Dummy 1",""
"00:13:42.961","Cast","Arcane Barrage","Blinkladen → Training Dummy 1",""
"00:13:46.857","Cast","Arcane Blast 1.48 sec","Blinkladen → Training Dummy 1",""
"00:13:47.794","Cast","Arcane Missiles","Blinkladen → Training Dummy 1",""
"00:13:50.239","Cast","Arcane Barrage","Blinkladen → Training Dummy 1",""
"00:13:54.336","Cast","Arcane Blast 1.60 sec","Blinkladen → Training Dummy 1",""
"00:13:55.135","Cast","Arcane Barrage","Blinkladen → Training Dummy 1",""
"00:13:57.512","Cast","Arcane Barrage","Blinkladen → Training Dummy 1",""
"00:14:01.565","Cast","Arcane Blast 1.63 sec","Blinkladen → Training Dummy 1",""
"00:14:02.482","Cast","Arcane Barrage","Blinkladen → Training Dummy 1",""
"00:14:04.794","Cast","Arcane Barrage","Blinkladen → Training Dummy 1",""
"00:14:08.823","Cast","Arcane Blast 1.60 sec","Blinkladen → Training Dummy 1",""
"00:14:09.739","Cast","Arcane Barrage","Blinkladen → Training Dummy 1",""
"00:14:12.155","Cast","Arcane Barrage","Blinkladen → Training Dummy 1",""
"00:14:16.191","Cast","Arcane Blast 1.60 sec","Blinkladen → Training Dummy 1",""
"00:14:16.931","Cast","Arcane Missiles","Blinkladen → Training Dummy 1",""
"00:14:19.359","Cast","Arcane Barrage","Blinkladen → Training Dummy 1",""
"00:14:23.423","Cast","Arcane Blast 1.55 sec","Blinkladen → Training Dummy 1",""
"00:14:24.232","Cast","Arcane Barrage","Blinkladen → Training Dummy 1",""
"00:14:26.706","Cast","Arcane Barrage","Blinkladen → Training Dummy 1",""
"00:14:30.697","Cast","Arcane Blast 1.54 sec","Blinkladen → Training Dummy 1",""
"00:14:31.579","Cast","Arcane Barrage","Blinkladen → Training Dummy 1",""
"00:14:33.926","Cast","Arcane Barrage","Blinkladen → Training Dummy 1",""
"00:14:37.981","Cast","Arcane Blast 1.55 sec","Blinkladen → Training Dummy 1",""
"00:14:38.787","Cast","Arcane Barrage","Blinkladen → Training Dummy 1",""
"00:14:41.280","Cast","Arcane Barrage","Blinkladen → Training Dummy 1",""
"00:14:45.275","Cast","Arcane Blast 1.61 sec","Blinkladen → Training Dummy 1",""
"00:14:46.127","Cast","Arcane Missiles","Blinkladen → Training Dummy 1",""
"00:14:48.495","Cast","Arcane Barrage","Blinkladen → Training Dummy 1",""
"00:14:52.533","Cast","Arcane Blast 1.54 sec","Blinkladen → Training Dummy 1",""
"00:14:53.426","Cast","Arcane Barrage","Blinkladen → Training Dummy 1",""
"00:14:55.789","Cast","Arcane Barrage","Blinkladen → Training Dummy 1",""
"00:14:59.836","Cast","Arcane Blast 1.63 sec","Blinkladen → Training Dummy 1",""
"00:15:00.704","Cast","Arcane Barrage","Blinkladen → Training Dummy 1",""
"00:15:03.050","Cast","Arcane Barrage","Blinkladen → Training Dummy 1",""
"00:15:07.155","Cast","Arcane Blast 1.69 sec","Blinkladen → Training Dummy 1",""
"00:15:07.961","Cast","Arcane Missiles","Blinkladen → Training Dummy 1",""
"00:15:10.384","Cast","Arcane Barrage","Blinkladen → Training Dummy 1",""
"00:15:14.440","Cast","Arcane Blast 1.61 sec","Blinkladen → Training Dummy 1",""
"00:15:15.217","Cast","Arcane Barrage","Blinkladen → Training Dummy 1",""
"00:15:17.672","Cast","Arcane Barrage","Blinkladen → Training Dummy 1",""
"00:15:21.696","Cast","Arcane Blast 1.58 sec","Blinkladen → Training Dummy 1",""
"00:15:22.544","Cast","Arcane Missiles","Blinkladen → Training Dummy 1",""
"00:15:24.982","Cast","Arcane Barrage","Blinkladen → Training Dummy 1",""
"00:15:28.989","Cast","Arcane Blast 1.61 sec","Blinkladen → Training Dummy 1",""
"00:15:29.842","Cast","Arcane Barrage","Blinkladen → Training Dummy 1",""
"00:15:32.254","Cast","Arcane Barrage","Blinkladen → Training Dummy 1",""
"00:15:36.280","Cast","Arcane Blast 1.63 sec","Blinkladen → Training Dummy 1",""
"00:15:37.037","Cast","Arcane Barrage","Blinkladen → Training Dummy 1",""
"00:15:39.544","Cast","Arcane Barrage","Blinkladen → Training Dummy 1",""
"00:15:43.460","Cast","Arcane Blast 1.60 sec","Blinkladen → Training Dummy 1",""
"00:15:44.379","Cast","Arcane Barrage","Blinkladen → Training Dummy 1",""
"00:15:46.807","Cast","Arcane Barrage","Blinkladen → Training Dummy 1",""
"00:15:50.724","Cast","Arcane Blast 1.57 sec","Blinkladen → Training Dummy 1",""
"00:15:51.628","Cast","Arcane Missiles","Blinkladen → Training Dummy 1",""
"00:15:54.099","Cast","Arcane Barrage","Blinkladen → Training Dummy 1",""
"00:15:58.127","Cast","Arcane Blast 1.60 sec","Blinkladen → Training Dummy 1",""
"00:15:58.899","Cast","Arcane Barrage","Blinkladen → Training Dummy 1",""
"00:16:01.358","Cast","Arcane Barrage","Blinkladen → Training Dummy 1",""
"00:16:05.398","Cast","Arcane Blast 1.60 sec","Blinkladen → Training Dummy 1",""
"00:16:06.232","Cast","Arcane Barrage","Blinkladen → Training Dummy 1",""
"00:16:08.662","Cast","Arcane Barrage","Blinkladen → Training Dummy 1",""
"00:16:12.690","Cast","Arcane Blast 1.64 sec","Blinkladen → Training Dummy 1",""
"00:16:13.516","Cast","Arcane Barrage","Blinkladen → Training Dummy 1",""
"00:16:15.946","Cast","Arcane Barrage","Blinkladen → Training Dummy 1",""
"00:16:19.967","Cast","Arcane Blast 1.60 sec","Blinkladen → Training Dummy 1",""
"00:16:20.800","Cast","Arcane Missiles","Blinkladen → Training Dummy 1",""
"00:16:23.230","Cast","Arcane Barrage","Blinkladen → Training Dummy 1",""
"00:16:27.245","Cast","Arcane Blast 1.60 sec","Blinkladen → Training Dummy 1",""
"00:16:28.078","Cast","Arcane Barrage","Blinkladen → Training Dummy 1",""
"00:16:30.483","Cast","Arcane Barrage","Blinkladen → Training Dummy 1",""
"00:16:34.529","Cast","Arcane Blast 1.66 sec","Blinkladen → Training Dummy 1",""
"00:16:35.356","Cast","Arcane Missiles","Blinkladen → Training Dummy 1",""
"00:16:37.711","Cast","Arcane Barrage","Blinkladen → Training Dummy 1",""
"00:16:41.752","Cast","Arcane Blast 1.63 sec","Blinkladen → Training Dummy 1",""
"00:16:42.593","Cast","Arcane Barrage","Blinkladen → Training Dummy 1",""
"00:16:45.042","Cast","Arcane Barrage","Blinkladen → Training Dummy 1",""
"00:16:49.092","Cast","Arcane Blast 1.66 sec","Blinkladen → Training Dummy 1",""
"00:16:49.927","Cast","Arcane Barrage","Blinkladen → Training Dummy 1",""
"00:16:52.355","Cast","Arcane Barrage","Blinkladen → Training Dummy 1",""
"00:16:56.210","Cast","Arcane Blast 1.48 sec","Blinkladen → Training Dummy 1",""
"00:16:57.209","Cast","Arcane Barrage","Blinkladen → Training Dummy 1",""
"00:16:59.612","Cast","Arcane Barrage","Blinkladen → Training Dummy 1",""
"00:17:03.537","Cast","Arcane Blast 1.50 sec","Blinkladen → Training Dummy 1",""
"00:17:04.475","Cast","Arcane Missiles","Blinkladen → Training Dummy 1",""
"00:17:06.918","Cast","Arcane Barrage","Blinkladen → Training Dummy 1",""
"00:17:10.932","Cast","Arcane Blast 1.60 sec","Blinkladen → Training Dummy 1",""
"00:17:11.725","Cast","Arcane Missiles","Blinkladen → Training Dummy 1",""
"00:17:14.185","Cast","Arcane Barrage","Blinkladen → Training Dummy 1",""
"00:17:18.178","Cast","Arcane Blast 1.56 sec","Blinkladen → Training Dummy 1",""
"00:17:19.044","Cast","Arcane Missiles","Blinkladen → Training Dummy 1",""
"00:17:21.474","Cast","Arcane Barrage","Blinkladen → Training Dummy 1",""
"00:17:25.314","Cast","Arcane Blast 1.42 sec","Blinkladen → Training Dummy 1",""
"00:17:26.327","Cast","Arcane Barrage","Blinkladen → Training Dummy 1",""
"00:17:28.745","Cast","Arcane Barrage","Blinkladen → Training Dummy 1",""
"00:17:32.590","Cast","Arcane Blast 1.41 sec","Blinkladen → Training Dummy 1",""
"00:17:33.516","Cast","Arcane Missiles","Blinkladen → Training Dummy 1",""
"00:17:35.994","Cast","Arcane Barrage","Blinkladen → Training Dummy 1",""
"00:17:40.043","Cast","Arcane Blast 1.58 sec","Blinkladen → Training Dummy 1",""
"00:17:40.830","Cast","Arcane Barrage","Blinkladen → Training Dummy 1",""
"00:17:43.247","Cast","Arcane Barrage","Blinkladen → Training Dummy 1",""
"00:17:47.349","Cast","Arcane Blast 1.66 sec","Blinkladen → Training Dummy 1",""
"00:17:48.161","Cast","Arcane Missiles","Blinkladen → Training Dummy 1",""
"00:17:50.598","Cast","Arcane Barrage","Blinkladen → Training Dummy 1",""
"00:17:54.640","Cast","Arcane Blast 1.66 sec","Blinkladen → Training Dummy 1",""
"00:17:55.383","Cast","Arcane Barrage","Blinkladen → Training Dummy 1",""
"00:17:57.858","Cast","Arcane Barrage","Blinkladen → Training Dummy 1",""
"00:18:01.912","Cast","Arcane Blast 1.60 sec","Blinkladen → Training Dummy 1",""
"00:18:02.703","Cast","Arcane Barrage","Blinkladen → Training Dummy 1",""
"00:18:05.088","Cast","Arcane Barrage","Blinkladen → Training Dummy 1",""
"00:18:09.189","Cast","Arcane Blast 1.61 sec","Blinkladen → Training Dummy 1",""
"00:18:09.990","Cast","Arcane Missiles","Blinkladen → Training Dummy 1",""